SampleID,Target [1 for A->B; -1 otherwise],Details [1 for A->B; 2 for A<-B; 3 for A-B; 4 for A|B]
train2765,-1,2
train5523,0,4
train2712,0,4
train3110,0,4
train1741,0,3
train876,1,1
train6008,-1,2
train602,0,3
train7671,0,4
train4111,-1,2
train81,1,1
train5591,0,4
train1459,-1,2
train4843,0,3
train2135,0,3
train4759,-1,2
train6271,0,3
train2722,0,3
train1721,0,3
train5386,-1,2
train246,0,4
train3892,-1,2
train4183,0,3
train2603,0,4
train7274,0,4
train853,0,4
train5388,-1,2
train1179,1,1
train6560,-1,2
train4522,1,1
train6934,0,3
train4414,0,4
train2891,0,3
train3508,1,1
train2498,1,1
train6309,1,1
train1837,0,3
train5545,-1,2
train2181,0,3
train2521,0,4
train3122,1,1
train780,0,4
train6759,-1,2
train920,0,4
train4730,1,1
train3437,-1,2
train2638,-1,2
train2068,1,1
train2735,0,4
train4181,-1,2
train242,-1,2
train6072,0,3
train7587,0,4
train4870,0,4
train425,0,4
train4278,0,4
train6151,-1,2
train5223,0,3
train4716,0,3
train2559,0,4
train133,-1,2
train459,0,4
train7032,0,4
train1666,-1,2
train2616,1,1
train6490,0,3
train7745,1,1
train3364,0,4
train2354,-1,2
train1400,-1,2
train3732,0,3
train2487,0,3
train2842,0,4
train1652,0,3
train7098,1,1
train6335,1,1
train5779,0,4
train117,-1,2
train3235,0,3
train1589,0,3
train6326,0,4
train1532,1,1
train6486,-1,2
train6196,-1,2
train5116,0,4
train460,1,1
train2247,0,3
train1585,0,3
train7302,0,3
train5944,1,1
train5371,1,1
train1314,1,1
train893,-1,2
train1664,-1,2
train5696,1,1
train5715,-1,2
train2452,1,1
train1541,-1,2
train5525,1,1
train6550,-1,2
train6247,0,4
train2679,1,1
train4781,-1,2
train2532,1,1
train3546,0,4
train233,0,3
train6661,-1,2
train1462,0,3
train3066,-1,2
train3289,1,1
train2832,1,1
train566,1,1
train3466,1,1
train2762,-1,2
train4695,0,3
train4213,-1,2
train357,0,4
train7438,0,4
train1492,1,1
train4982,0,3
train2539,0,4
train5160,1,1
train7809,0,4
train574,-1,2
train7646,0,3
train1605,1,1
train1528,0,3
train5430,0,3
train1866,-1,2
train5798,0,4
train1571,1,1
train5051,1,1
train3317,0,4
train3350,1,1
train5785,0,3
train4464,-1,2
train1399,-1,2
train3681,-1,2
train1358,0,3
train3982,0,3
train3438,0,4
train364,0,4
train4517,0,4
train2689,0,3
train5186,0,4
train6884,1,1
train5981,0,3
train2629,0,3
train771,-1,2
train3881,0,4
train2995,1,1
train4987,-1,2
train2458,1,1
train685,-1,2
train1870,1,1
train7414,0,3
train2233,0,4
train4248,-1,2
train7422,0,3
train3423,1,1
train317,0,4
train527,-1,2
train248,0,3
train2467,-1,2
train3921,0,3
train1354,0,4
train1717,-1,2
train5151,0,4
train849,0,4
train2171,1,1
train5806,1,1
train2596,0,4
train502,1,1
train103,0,3
train4483,0,3
train5449,0,4
train4561,1,1
train979,0,4
train1617,1,1
train867,0,4
train4488,0,3
train5520,0,3
train6094,0,4
train7715,0,3
train4381,0,4
train6684,0,3
train5284,0,3
train5522,-1,2
train3054,1,1
train1378,0,4
train5228,0,3
train5360,0,3
train1995,0,4
train6092,0,4
train4291,-1,2
train5307,1,1
train880,0,4
train4690,-1,2
train5952,1,1
train3678,0,4
train1688,0,3
train4056,0,4
train7076,0,4
train4505,0,4
train398,0,3
train3232,0,4
train6356,1,1
train850,1,1
train7387,0,4
train3146,-1,2
train7269,0,4
train4256,1,1
train941,0,3
train5250,1,1
train5146,0,4
train4707,-1,2
train6079,0,3
train775,0,3
train7810,0,3
train3794,0,3
train567,1,1
train7799,-1,2
train2888,-1,2
train1726,0,4
train2743,1,1
train6611,1,1
train561,0,4
train5992,0,3
train1082,0,3
train679,1,1
train7685,0,4
train3451,0,4
train6234,0,4
train5933,0,3
train3426,1,1
train3403,0,4
train3380,-1,2
train2149,0,3
train2034,-1,2
train4492,0,3
train7326,1,1
train6588,1,1
train6055,0,4
train5665,0,4
train3491,1,1
train2377,0,3
train1258,1,1
train4873,1,1
train7446,1,1
train3720,0,4
train373,0,3
train3476,0,4
train5442,-1,2
train7135,1,1
train2113,1,1
train455,0,4
train3795,0,4
train2978,0,4
train4672,0,3
train2866,1,1
train1289,1,1
train5450,0,4
train3195,-1,2
train2784,0,3
train2223,0,4
train7017,0,4
train505,0,4
train7478,0,4
train6733,0,4
train6730,0,3
train3100,0,3
train1994,0,4
train674,0,4
train3332,0,3
train2882,-1,2
train863,0,3
train6436,0,3
train1413,0,4
train7594,0,4
train689,0,4
train5989,-1,2
train4729,-1,2
train6774,0,4
train5084,0,4
train400,1,1
train1947,1,1
train6854,-1,2
train1446,0,4
train223,1,1
train4242,0,4
train5649,-1,2
train2986,0,4
train4799,-1,2
train2761,1,1
train1404,1,1
train2605,0,4
train221,1,1
train1684,0,4
train2485,1,1
train2121,1,1
train4868,0,3
train2102,1,1
train3095,-1,2
train4434,1,1
train5805,0,4
train5135,0,4
train1493,-1,2
train2843,0,4
train5668,1,1
train7559,0,3
train4949,-1,2
train4736,1,1
train4491,0,3
train4528,1,1
train4858,0,3
train1562,1,1
train6017,1,1
train3230,-1,2
train986,-1,2
train196,1,1
train5481,-1,2
train2709,0,3
train4116,-1,2
train922,-1,2
train1834,0,3
train7570,1,1
train7464,0,4
train4402,0,4
train72,1,1
train5067,-1,2
train3935,-1,2
train3243,0,3
train7398,0,3
train3060,0,4
train7757,0,3
train3578,0,3
train4607,-1,2
train3824,1,1
train665,-1,2
train5476,-1,2
train7636,0,4
train6355,1,1
train5592,0,3
train16,1,1
train4186,1,1
train7335,0,4
train1762,0,3
train7625,0,3
train7276,0,3
train345,0,4
train4600,0,3
train7535,-1,2
train1030,0,4
train146,0,3
train5149,-1,2
train254,1,1
train2727,1,1
train4273,1,1
train6135,1,1
train7164,0,3
train763,0,4
train7333,0,3
train5557,0,3
train7354,-1,2
train331,0,4
train280,1,1
train7330,1,1
train2303,0,3
train4818,0,4
train2356,-1,2
train6041,-1,2
train718,0,4
train410,1,1
train3521,0,4
train6480,-1,2
train1881,0,4
train5406,0,3
train5770,0,4
train7007,-1,2
train6212,0,3
train7206,0,3
train383,0,3
train5850,-1,2
train1706,-1,2
train7363,0,3
train6508,0,4
train3321,-1,2
train5968,1,1
train7742,0,3
train5567,0,3
train827,1,1
train6996,0,3
train3111,0,3
train7648,0,4
train7711,0,3
train2924,0,3
train2810,-1,2
train3021,1,1
train2186,0,3
train1952,0,3
train5444,-1,2
train2101,0,3
train5058,-1,2
train4960,-1,2
train3870,0,4
train2994,-1,2
train2475,0,3
train3724,-1,2
train6845,0,3
train4974,1,1
train6772,1,1
train5141,-1,2
train5460,0,3
train7425,0,3
train2424,0,4
train4383,-1,2
train4782,1,1
train1120,0,4
train3547,0,3
train4837,1,1
train2038,1,1
train7681,-1,2
train801,1,1
train507,-1,2
train4613,0,4
train4939,-1,2
train363,0,4
train5914,0,3
train7202,0,4
train4700,0,4
train4445,-1,2
train1095,0,3
train1699,0,3
train4538,1,1
train4149,0,3
train2097,-1,2
train1598,-1,2
train4007,1,1
train286,0,4
train4758,-1,2
train2954,0,4
train6956,-1,2
train6126,0,3
train1012,1,1
train3652,1,1
train5087,-1,2
train1653,1,1
train3349,0,4
train1393,1,1
train6879,1,1
train6474,-1,2
train2073,-1,2
train2474,0,3
train681,1,1
train583,0,3
train1672,0,4
train4459,1,1
train6621,-1,2
train177,0,3
train4874,0,4
train3894,0,4
train2764,-1,2
train5533,0,4
train6916,0,4
train6222,0,3
train4606,0,3
train2868,1,1
train2813,0,4
train4650,-1,2
train7132,0,3
train4177,-1,2
train7830,0,4
train7792,0,3
train5646,0,4
train4578,1,1
train7089,-1,2
train6587,-1,2
train2861,-1,2
train4708,-1,2
train4991,0,3
train237,-1,2
train5441,-1,2
train4457,0,4
train5539,-1,2
train3589,-1,2
train5731,-1,2
train648,1,1
train3117,0,4
train5954,0,3
train7052,-1,2
train1170,0,3
train1871,0,4
train972,-1,2
train6535,1,1
train2837,1,1
train2604,0,4
train6763,1,1
train1461,0,4
train5547,0,4
train3599,1,1
train7203,1,1
train5803,0,4
train4877,-1,2
train7181,0,3
train6865,1,1
train657,-1,2
train2108,-1,2
train98,0,4
train2497,-1,2
train4062,1,1
train4895,-1,2
train7216,0,3
train6665,1,1
train6081,-1,2
train1380,1,1
train3314,1,1
train3501,1,1
train1654,0,3
train7045,-1,2
train3691,0,4
train6933,-1,2
train754,0,3
train3330,0,4
train6800,1,1
train2029,-1,2
train2437,0,4
train2241,0,3
train947,-1,2
train4318,-1,2
train2269,0,3
train1144,-1,2
train5,-1,2
train3401,0,4
train6404,1,1
train4844,1,1
train4832,0,4
train3039,-1,2
train7534,0,3
train4673,1,1
train5393,0,3
train1085,-1,2
train2160,0,4
train1658,-1,2
train1846,0,4
train726,0,3
train5033,0,4
train24,-1,2
train7531,0,4
train2792,-1,2
train4392,0,3
train2008,0,3
train5929,0,3
train4986,0,3
train6664,1,1
train2647,-1,2
train2378,-1,2
train2194,0,4
train4400,1,1
train406,0,3
train6321,0,3
train6569,-1,2
train6592,-1,2
train6124,0,3
train2855,1,1
train4539,-1,2
train2570,0,4
train585,1,1
train6115,1,1
train4554,0,4
train6768,0,4
train2693,1,1
train4332,0,3
train2107,0,4
train1147,0,4
train4507,0,3
train2159,1,1
train1268,0,4
train5957,0,4
train4107,1,1
train4027,0,3
train1432,0,4
train4915,0,4
train646,0,4
train1949,0,4
train2823,0,4
train723,-1,2
train1957,0,4
train6100,0,3
train7463,0,3
train1308,-1,2
train1245,0,4
train1536,-1,2
train5527,1,1
train3443,0,3
train6065,0,4
train3524,1,1
train2018,0,3
train6209,-1,2
train238,0,3
train3620,0,4
train6697,-1,2
train6670,1,1
train2129,1,1
train4,1,1
train1351,1,1
train7147,0,3
train2050,1,1
train5107,0,4
train5585,1,1
train7460,0,3
train449,-1,2
train7130,0,3
train3274,0,3
train1650,-1,2
train5637,0,3
train4865,1,1
train419,-1,2
train3278,0,4
train2561,0,4
train3338,-1,2
train7031,0,3
train5613,-1,2
train1435,0,3
train3898,-1,2
train3915,0,4
train5453,0,4
train1632,-1,2
train1247,0,4
train7736,-1,2
train4269,1,1
train6186,1,1
train5680,1,1
train5639,0,3
train3101,1,1
train2673,0,3
train6644,0,3
train1453,0,3
train7030,0,3
train2552,0,3
train4954,1,1
train3979,-1,2
train7310,-1,2
train5885,0,3
train2721,-1,2
train6851,1,1
train890,0,3
train2867,1,1
train414,-1,2
train4798,0,4
train1292,0,4
train6505,0,3
train6125,-1,2
train5946,0,4
train2476,0,4
train1177,1,1
train1447,0,4
train6157,-1,2
train44,-1,2
train4446,1,1
train3584,0,3
train1546,0,4
train4692,-1,2
train46,0,3
train6691,1,1
train4583,0,3
train327,0,3
train5747,0,3
train88,0,3
train7189,1,1
train7705,-1,2
train6095,0,4
train1242,1,1
train340,0,3
train3220,0,3
train6140,0,3
train4395,-1,2
train1361,0,3
train4550,0,4
train5744,0,4
train3112,0,4
train3525,-1,2
train3512,-1,2
train3395,-1,2
train6344,-1,2
train6370,0,3
train6075,-1,2
train5258,1,1
train1405,1,1
train2627,0,3
train7712,-1,2
train2900,-1,2
train415,0,4
train3159,1,1
train2395,0,3
train4337,-1,2
train180,-1,2
train7766,-1,2
train3329,0,4
train4435,1,1
train855,0,3
train943,1,1
train5434,-1,2
train4047,-1,2
train4192,1,1
train1440,-1,2
train7758,0,4
train2950,-1,2
train2990,0,4
train5184,1,1
train1441,-1,2
train820,1,1
train2824,-1,2
train1089,0,4
train6191,0,3
train4681,0,3
train6401,0,4
train209,0,4
train4481,0,3
train609,0,3
train7169,0,4
train7689,1,1
train2403,0,3
train7204,-1,2
train6458,-1,2
train6007,-1,2
train320,-1,2
train6397,-1,2
train3043,0,4
train5536,0,3
train4863,1,1
train55,1,1
train2667,0,3
train7775,0,4
train7277,0,4
train5510,-1,2
train5266,0,4
train4350,0,3
train4232,-1,2
train1236,0,4
train4140,0,3
train1092,0,4
train2468,1,1
train1599,0,3
train2315,0,4
train5614,-1,2
train4367,0,3
train6078,1,1
train3746,0,3
train5405,-1,2
train818,-1,2
train2643,0,4
train1083,0,3
train3938,-1,2
train5750,1,1
train6685,0,3
train5546,-1,2
train549,0,4
train500,0,4
train3086,0,4
train5379,0,4
train5726,1,1
train6566,1,1
train3416,0,3
train5278,0,3
train4757,0,4
train34,0,3
train1564,0,4
train7198,0,3
train5446,0,4
train1649,1,1
train382,-1,2
train3571,0,3
train1379,0,3
train4956,0,4
train2054,0,4
train4857,1,1
train6561,-1,2
train5279,1,1
train4461,0,3
train7798,0,3
train7399,1,1
train3642,1,1
train3151,0,3
train5990,1,1
train7658,1,1
train2929,-1,2
train4661,0,4
train1229,0,4
train7763,1,1
train7177,0,3
train936,0,3
train429,0,4
train1025,0,3
train4985,-1,2
train4032,1,1
train2698,1,1
train3784,0,4
train4024,1,1
train3661,0,4
train4090,0,3
train6450,1,1
train1059,1,1
train7118,0,4
train5340,-1,2
train6549,0,3
train7139,0,4
train735,0,3
train5571,0,3
train4656,-1,2
train6423,1,1
train3355,1,1
train6343,0,3
train6636,1,1
train6717,1,1
train61,0,3
train5423,0,3
train1496,1,1
train3310,0,3
train3646,1,1
train5672,-1,2
train3284,-1,2
train6265,0,4
train381,1,1
train3614,-1,2
train573,-1,2
train7528,0,3
train6919,0,3
train5085,1,1
train6506,-1,2
train7415,1,1
train649,1,1
train6310,0,3
train1066,0,4
train6576,0,4
train7245,-1,2
train4848,0,4
train5479,0,4
train4845,0,4
train1744,0,3
train2608,0,4
train1756,1,1
train4955,0,3
train4284,-1,2
train2393,0,4
train5270,-1,2
train1723,1,1
train1407,0,3
train1939,0,3
train6273,1,1
train2583,0,3
train2048,-1,2
train1003,0,4
train5697,-1,2
train2624,0,3
train5229,1,1
train6681,1,1
train5714,-1,2
train7572,0,4
train4409,-1,2
train4896,1,1
train2009,0,3
train667,-1,2
train2853,0,3
train7645,-1,2
train3631,0,4
train2046,-1,2
train1789,-1,2
train4807,-1,2
train310,1,1
train532,0,3
train3568,1,1
train3974,0,4
train2343,0,4
train4493,0,3
train4073,0,3
train393,-1,2
train3855,0,4
train1983,0,4
train1071,0,3
train3975,-1,2
train4028,0,4
train2610,0,3
train4151,0,3
train4471,-1,2
train49,-1,2
train7120,-1,2
train4411,-1,2
train7361,0,3
train4623,1,1
train4590,0,3
train6972,1,1
train5987,0,4
train743,0,3
train2875,0,4
train1480,1,1
train6744,0,3
train1220,0,3
train2836,-1,2
train2319,0,4
train5022,1,1
train1731,1,1
train5903,0,3
train2851,0,3
train7661,1,1
train3175,1,1
train346,0,4
train3936,0,3
train1835,-1,2
train6575,1,1
train468,-1,2
train5467,0,3
train950,1,1
train5407,-1,2
train5443,-1,2
train5367,1,1
train5259,-1,2
train4188,0,4
train1574,0,4
train3188,0,3
train100,0,4
train4300,0,4
train1476,0,4
train6980,-1,2
train3315,0,4
train4805,1,1
train7429,0,3
train6110,0,4
train5096,1,1
train2099,0,3
train7514,0,4
train2943,-1,2
train4499,1,1
train5905,-1,2
train2478,0,4
train6605,0,3
train4447,0,4
train5508,0,4
train2462,0,3
train3223,0,3
train3890,0,4
train6633,0,4
train7283,0,4
train5363,0,3
train6445,1,1
train3402,1,1
train6324,-1,2
train1319,1,1
train4348,0,3
train4270,0,3
train550,0,4
train3913,0,3
train6144,1,1
train2890,0,3
train5043,1,1
train7821,0,3
train3728,-1,2
train4325,-1,2
train1975,0,4
train6325,-1,2
train7731,0,3
train5290,-1,2
train610,1,1
train1359,0,3
train4582,-1,2
train3492,0,4
train7669,1,1
train1972,0,3
train6600,0,3
train6281,-1,2
train6177,0,4
train7384,1,1
train5378,0,4
train7679,0,4
train5231,1,1
train6527,-1,2
train2144,0,3
train2246,0,4
train6380,1,1
train5082,0,3
train7537,-1,2
train6439,0,4
train380,-1,2
train475,1,1
train6122,-1,2
train981,1,1
train6341,0,3
train1677,1,1
train2330,1,1
train3020,0,4
train1326,-1,2
train1223,0,4
train7519,0,3
train4157,-1,2
train1300,-1,2
train305,-1,2
train3744,0,4
train3201,0,4
train6027,1,1
train5308,0,4
train166,0,3
train5783,0,4
train6262,0,3
train3418,0,3
train7323,0,3
train2483,1,1
train5843,0,3
train3153,-1,2
train6130,-1,2
train6662,0,3
train111,1,1
train6504,1,1
train3242,1,1
train3674,0,3
train3834,1,1
train3844,0,4
train2966,-1,2
train1795,-1,2
train4465,0,3
train1860,1,1
train672,1,1
train6890,0,4
train707,0,4
train3260,-1,2
train4722,-1,2
train824,1,1
train6695,-1,2
train1201,0,3
train739,0,4
train4050,0,3
train7691,1,1
train4855,0,4
train3197,0,3
train4022,-1,2
train2849,1,1
train6162,0,4
train7773,0,4
train938,0,3
train4696,0,4
train641,-1,2
train1028,0,3
train1365,1,1
train4792,1,1
train7672,1,1
train4605,0,3
train4694,-1,2
train2508,-1,2
train7104,1,1
train3461,1,1
train3449,0,3
train3723,0,3
train4099,0,4
train282,0,3
train3265,-1,2
train7677,-1,2
train3404,1,1
train999,-1,2
train3543,-1,2
train5819,0,3
train332,1,1
train5717,0,4
train3956,1,1
train5323,0,3
train1058,0,4
train4669,1,1
train4114,0,3
train5293,-1,2
train5143,0,3
train1018,-1,2
train6903,-1,2
train5871,1,1
train2272,-1,2
train4387,1,1
train5165,-1,2
train5157,0,3
train3275,-1,2
train6521,0,3
train7730,-1,2
train4476,0,4
train5635,-1,2
train1715,1,1
train2484,1,1
train2935,0,4
train3212,0,4
train4829,1,1
train2059,0,3
train2306,0,3
train5754,0,3
train3864,0,3
train4525,-1,2
train988,1,1
train1145,1,1
train3962,0,3
train4588,0,3
train3893,-1,2
train4344,0,3
train961,0,4
train5861,0,4
train5936,0,4
train6190,0,3
train66,0,3
train2769,0,3
train4611,0,4
train3090,0,4
train7080,1,1
train5597,0,4
train870,0,3
train7228,0,3
train368,0,3
train6968,-1,2
train666,1,1
train4721,0,4
train7794,0,4
train3511,0,3
train1210,0,3
train4374,1,1
train7445,1,1
train1397,1,1
train6099,-1,2
train584,1,1
train1061,-1,2
train7467,-1,2
train5664,-1,2
train1510,1,1
train984,1,1
train161,1,1
train5587,1,1
train840,-1,2
train3301,1,1
train5376,0,3
train6107,1,1
train6400,0,3
train3856,-1,2
train2325,-1,2
train3933,-1,2
train1675,1,1
train3215,0,4
train4312,-1,2
train3617,0,4
train5139,1,1
train756,0,3
train794,-1,2
train1125,1,1
train6111,-1,2
train7434,0,3
train6164,1,1
train5849,0,4
train5610,1,1
train5334,0,3
train5937,0,4
train4810,1,1
train6615,0,3
train4518,1,1
train2555,1,1
train3178,0,3
train1552,0,4
train6645,0,3
train4167,0,4
train2264,1,1
train4162,0,3
train7152,-1,2
train318,-1,2
train6448,0,3
train2023,0,3
train5499,-1,2
train4119,0,4
train2717,-1,2
train5688,0,3
train7213,0,3
train6387,1,1
train7447,0,3
train5274,1,1
train554,1,1
train5110,1,1
train4078,-1,2
train6197,0,4
train1382,0,3
train3068,1,1
train6998,0,3
train1921,-1,2
train6974,0,3
train344,0,4
train2293,0,4
train6172,0,3
train4451,0,3
train1064,1,1
train558,0,3
train1299,1,1
train3254,1,1
train3304,0,3
train1526,0,3
train2015,1,1
train3362,1,1
train7088,-1,2
train7545,0,4
train1635,1,1
train4452,0,3
train6147,0,3
train4824,0,4
train6830,0,3
train6084,0,4
train1807,-1,2
train6128,0,3
train3470,0,4
train465,0,4
train3950,-1,2
train5377,0,4
train1904,0,4
train4825,1,1
train354,1,1
train6503,1,1
train132,1,1
train6149,1,1
train3281,-1,2
train5777,0,4
train3595,1,1
train6625,0,3
train6702,-1,2
train1561,0,3
train4927,1,1
train4514,0,3
train6944,-1,2
train3468,-1,2
train6742,-1,2
train2642,1,1
train1990,1,1
train6849,0,3
train6224,0,4
train4548,1,1
train5451,0,3
train728,1,1
train2746,0,3
train2249,0,3
train614,-1,2
train388,1,1
train2309,0,4
train6639,-1,2
train5807,1,1
train4146,-1,2
train3788,-1,2
train6522,-1,2
train4216,1,1
train4820,1,1
train5810,0,3
train3981,0,4
train2931,0,4
train5890,0,4
train684,0,4
train7652,1,1
train2290,0,3
train1531,-1,2
train1692,0,4
train4305,0,4
train7664,1,1
train4139,-1,2
train1370,0,3
train5438,-1,2
train1133,1,1
train6308,1,1
train1173,0,3
train5190,1,1
train1060,0,3
train6313,1,1
train1086,0,4
train1235,1,1
train445,0,3
train4953,0,4
train4217,-1,2
train2263,0,4
train3787,1,1
train1051,0,4
train759,0,4
train7588,1,1
train2414,0,4
train2477,1,1
train2337,0,4
train258,1,1
train5605,0,4
train7006,0,4
train5092,0,3
train7630,0,4
train560,0,4
train620,0,3
train1402,0,3
train5661,0,3
train5518,0,4
train2846,0,3
train3328,0,3
train4925,0,4
train1999,0,4
train2701,-1,2
train4542,0,4
train7557,0,3
train6211,-1,2
train6967,-1,2
train1387,1,1
train3225,-1,2
train4020,0,3
train3325,0,4
train1833,0,3
train1031,0,3
train7371,1,1
train1843,1,1
train524,1,1
train2780,-1,2
train5913,0,3
train1304,-1,2
train4349,1,1
train3276,0,3
train4665,1,1
train1238,-1,2
train5277,1,1
train1739,-1,2
train277,-1,2
train3648,0,3
train6720,0,3
train6803,0,4
train1759,0,3
train456,0,4
train4258,0,3
train4470,0,4
train4891,1,1
train7663,0,4
train3216,0,3
train4710,0,3
train3167,0,3
train5468,0,4
train6668,-1,2
train2637,-1,2
train5537,1,1
train7549,0,3
train4601,0,4
train3535,0,3
train877,0,4
train7392,1,1
train4267,1,1
train6138,0,3
train3001,1,1
train6692,0,3
train234,-1,2
train1456,0,4
train7638,-1,2
train6351,0,4
train4067,1,1
train5398,0,3
train911,0,3
train3656,0,4
train5695,0,4
train570,-1,2
train6228,1,1
train521,-1,2
train2872,0,4
train655,0,3
train3840,1,1
train2288,0,4
train5884,1,1
train1612,0,3
train2911,0,4
train1216,1,1
train5926,0,3
train5883,0,4
train7309,0,4
train3000,1,1
train2155,1,1
train4017,0,4
train1127,-1,2
train2405,0,4
train2758,0,3
train6596,0,3
train6821,0,4
train140,0,3
train494,1,1
train5713,0,4
train1778,0,3
train3930,1,1
train3421,0,3
train5076,1,1
train2668,-1,2
train6723,0,4
train6489,0,4
train7603,0,4
train5555,-1,2
train5017,0,4
train6407,0,4
train5152,-1,2
train6447,1,1
train5797,-1,2
train6604,0,4
train7466,0,4
train1660,-1,2
train563,1,1
train6358,1,1
train3745,0,3
train5723,1,1
train1195,1,1
train3173,1,1
train6457,1,1
train2773,-1,2
train370,0,4
train6009,-1,2
train6715,-1,2
train2211,0,4
train6860,1,1
train1516,-1,2
train2407,0,3
train7450,0,4
train2320,-1,2
train1414,1,1
train5101,0,3
train3549,0,4
train1162,0,3
train3280,1,1
train3200,0,4
train5013,0,3
train3103,-1,2
train27,0,3
train2042,0,3
train7803,0,4
train6921,1,1
train5894,0,4
train5648,0,3
train2578,-1,2
train3184,0,3
train1716,0,3
train5703,0,4
train3259,-1,2
train1719,-1,2
train7449,0,4
train7124,0,3
train2085,0,3
train7501,0,4
train5629,0,3
train5938,1,1
train3891,0,3
train1454,1,1
train1776,0,3
train1034,-1,2
train703,-1,2
train953,-1,2
train7484,-1,2
train3340,0,4
train3782,0,4
train6552,1,1
train3537,0,4
train391,-1,2
train2818,-1,2
train4587,0,4
train2543,-1,2
train4946,0,3
train5355,0,4
train1634,1,1
train3297,0,4
train5922,1,1
train4263,0,4
train3939,-1,2
train7696,-1,2
train285,0,3
train13,0,4
train5239,1,1
train5720,-1,2
train4790,0,3
train7143,1,1
train3210,0,4
train2999,0,3
train1600,1,1
train2632,0,4
train4621,0,3
train1009,0,4
train5188,1,1
train6044,1,1
train7651,1,1
train6066,-1,2
train1087,1,1
train5488,1,1
train7760,0,3
train5297,0,3
train6907,-1,2
train7801,0,3
train7515,0,4
train4093,0,3
train5345,0,4
train6675,1,1
train2845,0,3
train1332,-1,2
train145,0,4
train6025,1,1
train1230,0,3
train1196,0,3
train811,0,4
train5199,0,3
train1160,0,3
train1802,0,4
train7119,1,1
train7421,0,3
train2753,1,1
train2804,0,4
train3854,-1,2
train1572,1,1
train2524,0,3
train93,0,3
train6690,0,4
train587,-1,2
train899,0,4
train1606,1,1
train6573,1,1
train5621,-1,2
train342,0,3
train3,1,1
train4121,-1,2
train6269,-1,2
train2811,0,4
train2955,-1,2
train3150,0,4
train4533,-1,2
train4935,0,4
train4351,1,1
train6704,0,4
train3686,1,1
train2530,0,4
train5609,-1,2
train2636,1,1
train5985,1,1
train3527,0,3
train5705,-1,2
train1989,0,4
train1005,1,1
train3363,-1,2
train1469,-1,2
train1769,0,3
train1703,0,3
train7568,0,3
train1663,-1,2
train5834,0,4
train5833,0,4
train1183,0,4
train78,1,1
train2826,-1,2
train2661,1,1
train6364,0,3
train5911,-1,2
train6063,1,1
train5225,0,4
train6951,0,4
train1284,0,3
train7662,1,1
train4575,1,1
train4556,0,4
train3779,-1,2
train6403,-1,2
train3190,0,4
train5721,0,3
train6932,-1,2
train7026,0,3
train4803,-1,2
train659,0,4
train6443,0,3
train326,-1,2
train4075,-1,2
train4780,1,1
train7761,1,1
train1597,0,3
train1656,0,3
train2553,1,1
train4037,-1,2
train1367,1,1
train1045,0,3
train2577,0,4
train499,0,3
train3346,0,3
train324,1,1
train7686,1,1
train6185,1,1
train2142,1,1
train3406,1,1
train987,0,3
train7347,1,1
train2302,0,4
train3633,-1,2
train7180,0,3
train7673,-1,2
train1108,-1,2
train3909,1,1
train4336,0,4
train5161,0,4
train474,-1,2
train1728,1,1
train369,-1,2
train7257,0,4
train7380,-1,2
train5966,0,4
train4860,0,4
train4386,1,1
train2025,0,3
train4620,0,4
train1123,0,3
train7502,1,1
train4108,0,4
train211,0,4
train3509,-1,2
train927,1,1
train1753,1,1
train2179,0,3
train4744,-1,2
train6896,-1,2
train1205,0,3
train203,1,1
train7344,1,1
train1327,0,4
train7659,-1,2
train5891,0,3
train1146,0,4
train5138,0,4
train4585,0,3
train3125,0,3
train1967,0,3
train1665,0,4
train5305,1,1
train2852,-1,2
train2857,0,3
train5328,0,3
train4552,0,4
train4945,1,1
train7385,0,4
train2887,-1,2
train3846,1,1
train3616,-1,2
train5912,1,1
train1478,1,1
train1213,-1,2
train1260,1,1
train5865,0,4
train3688,0,3
train6428,-1,2
train2304,0,4
train4390,0,4
train4504,0,4
train139,1,1
train2340,0,3
train56,1,1
train937,-1,2
train4080,0,3
train1093,0,4
train5752,-1,2
train6981,0,3
train5075,0,3
train2706,-1,2
train1362,-1,2
train2786,0,3
train2919,1,1
train948,0,3
train3590,0,4
train4091,-1,2
train1184,-1,2
train4342,0,4
train1710,1,1
train4102,0,3
train2381,-1,2
train7084,0,3
train2860,0,4
train2812,0,3
train2976,-1,2
train3513,0,3
train7155,-1,2
train3925,1,1
train4984,0,4
train975,1,1
train3192,-1,2
train484,-1,2
train1107,1,1
train5560,0,4
train603,0,4
train5618,0,4
train2219,0,3
train3379,0,3
train1579,0,4
train6469,1,1
train1377,0,3
train290,-1,2
train4285,1,1
train6616,0,3
train2127,-1,2
train1588,-1,2
train4819,0,3
train5003,0,3
train3897,0,4
train959,1,1
train1044,0,3
train4599,0,3
train3478,-1,2
train4101,0,3
train5784,-1,2
train4223,0,3
train4597,1,1
train7520,0,3
train7391,-1,2
train3607,0,3
train6253,0,4
train272,0,3
train6808,-1,2
train5831,1,1
train2565,0,4
train5174,0,3
train6171,1,1
train5129,0,3
train1805,1,1
train162,-1,2
train1998,1,1
train1965,-1,2
train64,-1,2
train3519,-1,2
train4343,0,3
train5187,0,4
train6731,1,1
train4384,1,1
train5408,0,4
train4904,1,1
train1119,1,1
train7465,-1,2
train7750,0,4
train3917,0,4
train3886,0,4
train1909,1,1
train2364,-1,2
train546,-1,2
train478,-1,2
train3833,0,3
train3998,0,3
train224,-1,2
train6659,0,4
train3867,1,1
train6468,1,1
train7295,0,4
train5432,0,3
train758,-1,2
train4510,0,3
train1820,-1,2
train6628,-1,2
train5204,0,3
train451,1,1
train2222,1,1
train4357,0,4
train1280,-1,2
train5134,0,3
train7053,0,4
train4659,-1,2
train7303,1,1
train5650,0,4
train3905,0,4
train7784,1,1
train5808,-1,2
train6453,0,3
train6059,0,4
train6183,0,3
train1968,-1,2
train788,-1,2
train6844,0,3
train7456,1,1
train7305,1,1
train6328,0,3
train5917,-1,2
train2428,-1,2
train1115,1,1
train5751,0,4
train2879,1,1
train5821,1,1
train5725,0,4
train1647,1,1
train7001,-1,2
train1854,-1,2
train7166,1,1
train3507,0,3
train1224,0,4
train67,0,4
train7294,1,1
train5942,0,4
train1869,0,3
train5063,-1,2
train6764,-1,2
train7067,0,4
train1993,1,1
train6264,1,1
train1659,0,3
train590,-1,2
train5955,0,4
train734,0,4
train1667,0,4
train7314,0,4
train5669,1,1
train1655,-1,2
train2617,1,1
train833,0,4
train5907,-1,2
train3189,0,3
train3105,0,3
train3503,1,1
train1729,0,3
train207,0,4
train3577,0,4
train4360,-1,2
train3302,0,4
train3370,0,4
train6971,-1,2
train1945,0,3
train4283,1,1
train1791,0,3
train3084,0,4
train6365,0,4
train6176,0,4
train6586,-1,2
train3954,-1,2
train1301,0,3
train7473,0,3
train6233,1,1
train7238,0,4
train7804,1,1
train2659,-1,2
train1623,0,4
train7790,1,1
train807,-1,2
train7455,1,1
train541,0,3
train7108,-1,2
train7454,-1,2
train1928,0,3
train6548,0,4
train3751,0,3
train7720,0,3
train1209,-1,2
train813,0,3
train2006,1,1
train7248,0,3
train250,0,3
train7667,1,1
train4189,-1,2
train6653,0,4
train7458,0,4
train6920,0,3
train5159,1,1
train6660,0,3
train4054,0,4
train3619,-1,2
train2090,-1,2
train5326,-1,2
train4428,0,4
train7503,0,3
train2932,0,4
train7440,0,4
train5927,0,3
train4230,-1,2
train4534,0,3
train6085,0,4
train4372,0,3
train3154,0,4
train7660,1,1
train2137,-1,2
train3815,1,1
train5262,0,4
train3107,-1,2
train1010,0,4
train2669,0,4
train2445,0,4
train7077,0,3
train3797,-1,2
train7589,-1,2
train1754,-1,2
train2568,0,3
train3609,0,3
train3837,1,1
train5760,0,3
train3565,0,4
train3715,0,3
train7190,0,4
train7616,0,3
train3960,0,4
train5276,-1,2
train3202,-1,2
train6632,0,3
train1763,-1,2
train680,-1,2
train7606,1,1
train4048,0,3
train5780,-1,2
train3505,1,1
train3295,0,4
train7634,0,3
train5456,-1,2
train7695,0,3
train5690,-1,2
train417,1,1
train2680,0,3
train4431,0,4
train4498,-1,2
train519,1,1
train4239,1,1
train1683,0,4
train1893,-1,2
train5414,-1,2
train645,-1,2
train2549,-1,2
train4309,1,1
train6871,-1,2
train647,-1,2
train1194,0,4
train3432,1,1
train795,-1,2
train1821,0,3
train5656,0,3
train2590,0,4
train112,0,3
train1714,-1,2
train7795,0,3
train2715,-1,2
train1595,0,3
train3502,0,4
train3520,-1,2
train732,0,4
train4775,1,1
train2419,0,3
train6039,-1,2
train7033,0,4
train3737,0,3
train3826,0,4
train2064,-1,2
train3789,0,3
train394,0,3
train5344,1,1
train837,-1,2
train7599,0,3
train4238,0,4
train156,0,4
train7056,0,4
train5601,-1,2
train6276,0,3
train1124,-1,2
train1069,-1,2
train6245,-1,2
train5570,-1,2
train1233,1,1
train3241,-1,2
train6154,0,3
train3773,0,3
train1948,-1,2
train3185,0,4
train6215,1,1
train3078,0,3
train6735,-1,2
train2402,0,4
train3879,1,1
train5364,-1,2
train5422,0,4
train4246,0,3
train913,0,4
train6338,0,4
train7814,0,3
train6547,1,1
train3484,0,3
train245,0,3
train7637,0,4
train2676,0,3
train1887,0,4
train5616,0,3
train3683,1,1
train1713,0,3
train965,0,3
train5973,1,1
train2723,0,3
train5241,-1,2
train2295,-1,2
train396,-1,2
train3871,1,1
train4577,-1,2
train3056,-1,2
train7793,1,1
train1698,0,4
train5021,0,4
train3899,0,4
train3531,-1,2
train4972,0,3
train6567,0,3
train4401,1,1
train828,-1,2
train5463,-1,2
train5862,0,3
train6646,-1,2
train4244,-1,2
train1787,-1,2
train1105,0,4
train1349,1,1
train6003,0,4
train5904,-1,2
train5969,0,4
train896,-1,2
train2193,0,4
train6121,0,4
train6438,0,4
train2947,0,4
train6108,0,3
train1100,0,4
train4013,0,3
train631,-1,2
train3721,1,1
train3500,-1,2
train2161,1,1
train4033,1,1
train7263,0,4
train4196,0,4
train3248,0,3
train2065,0,4
train6316,0,3
train6923,0,3
train25,0,3
train4429,-1,2
train6741,0,3
train3180,-1,2
train5243,1,1
train5233,0,3
train3055,-1,2
train5255,-1,2
train297,0,3
train4082,1,1
train225,0,4
train1073,1,1
train1323,0,3
train102,1,1
train5253,0,4
train2052,-1,2
train595,0,3
train6227,0,4
train5541,-1,2
train5707,-1,2
train7240,1,1
train3257,0,4
train4051,1,1
train2914,0,3
train6787,-1,2
train6282,-1,2
train3615,1,1
train436,-1,2
train2581,1,1
train4385,1,1
train6529,0,4
train4557,0,4
train7417,-1,2
train3655,-1,2
train4794,-1,2
train4547,0,3
train1458,0,4
train6812,0,3
train4971,-1,2
train466,-1,2
train431,0,4
train1355,-1,2
train263,-1,2
train4772,1,1
train5622,0,3
train3075,1,1
train2967,0,3
train654,1,1
train4468,-1,2
train4231,0,4
train6761,1,1
train588,-1,2
train2557,-1,2
train810,-1,2
train1523,-1,2
train3701,1,1
train7765,0,3
train4328,0,3
train2766,0,4
train7008,-1,2
train7621,1,1
train1824,1,1
train3480,0,3
train6013,-1,2
train1932,-1,2
train5595,0,4
train5224,0,3
train5945,1,1
train1091,0,3
train7407,0,4
train2308,-1,2
train6077,0,4
train7770,1,1
train5801,0,4
train3566,0,3
train6983,0,3
train1357,0,4
train4393,1,1
train1372,-1,2
train7116,0,4
train2651,0,4
train781,0,4
train3658,1,1
train7459,1,1
train6638,-1,2
train7278,0,4
train2584,-1,2
train3827,0,4
train1072,1,1
train5687,0,3
train1353,-1,2
train186,0,4
train7722,0,4
train6906,0,4
train3806,1,1
train6382,-1,2
train325,-1,2
train3755,0,4
train1369,0,4
train2164,-1,2
train1234,0,3
train4224,0,4
train5498,0,3
train1992,-1,2
train7816,1,1
train4947,0,4
train1411,0,4
train2017,-1,2
train4477,0,3
train5506,-1,2
train7754,1,1
train2196,1,1
train5447,0,3
train3387,0,4
train1364,0,3
train2115,-1,2
train308,0,4
train854,0,3
train586,1,1
train5583,1,1
train6785,0,3
train4462,1,1
train6391,1,1
train889,-1,2
train5634,0,3
train2071,-1,2
train5130,0,4
train1816,-1,2
train4625,0,4
train1831,-1,2
train6336,0,3
train3415,1,1
train2192,-1,2
train7703,-1,2
train6512,-1,2
train6606,-1,2
train5788,0,4
train284,0,3
train3612,-1,2
train4388,1,1
train6856,-1,2
train1899,0,4
train4630,0,4
train5889,0,4
train4746,1,1
train4120,0,4
train6006,0,4
train715,-1,2
train6791,1,1
train5667,0,3
train3360,0,3
train7223,0,3
train1566,-1,2
train6353,0,3
train7233,-1,2
train572,0,3
train337,-1,2
train1771,-1,2
train4624,0,4
train4320,1,1
train6426,0,3
train2518,0,3
train6843,1,1
train5011,1,1
train4815,0,3
train4916,-1,2
train4996,0,4
train1740,1,1
train3731,1,1
train7675,1,1
train6985,-1,2
train6732,-1,2
train6373,0,3
train5209,1,1
train1818,-1,2
train3659,0,3
train3690,1,1
train7492,1,1
train4878,-1,2
train1888,0,4
train907,0,4
train3384,1,1
train2535,0,4
train2514,-1,2
train6182,0,3
train4881,0,3
train1832,1,1
train4276,0,3
train3518,-1,2
train4663,1,1
train6908,1,1
train7364,0,4
train1768,0,3
train1246,0,4
train7289,0,4
train1514,0,4
train2663,-1,2
train208,0,4
train3591,1,1
train7682,-1,2
train1415,1,1
train2031,1,1
train6862,1,1
train7296,1,1
train6031,0,3
train671,-1,2
train716,0,3
train4892,1,1
train4875,0,4
train5466,-1,2
train4313,1,1
train3523,1,1
train5071,-1,2
train5768,-1,2
train4087,0,3
train1070,-1,2
train4636,-1,2
train4720,0,4
train6214,-1,2
train1104,-1,2
train1862,0,3
train4740,1,1
train5036,0,3
train706,0,3
train5565,-1,2
train3051,-1,2
train4919,1,1
train2593,1,1
train3961,0,4
train7199,0,4
train5958,-1,2
train7536,0,4
train2580,-1,2
train7488,0,4
train6883,1,1
train4598,-1,2
train7596,-1,2
train5974,1,1
train1157,0,3
train3345,0,3
train1328,1,1
train6699,-1,2
train5676,0,3
train1130,0,3
train3850,0,4
train6784,1,1
train2974,-1,2
train3057,0,4
train625,0,3
train4737,-1,2
train3716,-1,2
train7439,0,4
train2601,1,1
train3211,0,4
train7015,0,3
train6054,1,1
train5093,1,1
train773,0,4
train5809,1,1
train3233,0,4
train6103,-1,2
train311,1,1
train7469,0,4
train1029,0,4
train5298,1,1
train7338,0,4
train6786,-1,2
train2375,0,3
train7225,0,3
train2969,0,4
train878,1,1
train7729,0,4
train2348,0,3
train2470,0,3
train2585,0,4
train6556,-1,2
train3080,1,1
train757,0,3
train5644,1,1
train235,0,4
train1941,-1,2
train4346,1,1
train4345,-1,2
train4197,0,3
train5999,-1,2
train5544,1,1
train579,0,4
train36,1,1
train401,1,1
train1374,-1,2
train949,-1,2
train6937,-1,2
train4682,0,4
train116,0,3
train2694,1,1
train2822,-1,2
train5877,-1,2
train5818,-1,2
train4751,1,1
train871,0,3
train1616,0,3
train1569,0,3
train710,0,4
train806,-1,2
train5007,0,3
train3931,1,1
train1767,0,4
train3351,0,3
train2778,1,1
train4527,0,3
train3877,1,1
train2602,-1,2
train5628,0,3
train711,-1,2
train1199,1,1
train361,1,1
train3800,0,3
train489,-1,2
train4777,0,3
train7273,0,3
train6563,-1,2
train6119,1,1
train4856,0,4
train2993,1,1
train2069,0,3
train1161,0,4
train6824,0,3
train3467,-1,2
train1366,0,3
train5863,0,3
train3579,0,4
train3813,0,4
train1905,0,4
train7005,0,3
train6637,1,1
train7280,0,3
train4727,0,3
train5812,1,1
train4679,1,1
train4212,0,3
train6413,0,4
train3213,0,3
train912,-1,2
train7134,1,1
train1587,-1,2
train6248,0,4
train4000,0,4
train5465,0,3
train731,-1,2
train785,1,1
train4647,-1,2
train3327,0,3
train7607,1,1
train522,0,4
train3987,0,4
train5553,0,3
train4698,-1,2
train760,0,3
train6873,0,4
train2257,0,4
train1088,-1,2
train564,1,1
train3991,0,4
train464,1,1
train4125,0,3
train3965,-1,2
train4861,0,4
train617,0,3
train4980,0,4
train6255,-1,2
train5575,0,3
train1976,1,1
train2400,0,3
train551,0,3
train989,0,4
train1090,-1,2
train4914,-1,2
train825,0,3
train7093,0,4
train2441,0,3
train3937,-1,2
train7171,-1,2
train6620,-1,2
train599,0,4
train7678,1,1
train6496,1,1
train5996,0,3
train6909,0,4
train2979,0,4
train1138,0,3
train5201,0,4
train3435,0,4
train6446,-1,2
train1303,1,1
train4743,0,3
train2120,0,3
train1193,0,3
train4308,1,1
train220,0,3
train4997,0,3
train3429,-1,2
train5845,1,1
train6104,0,4
train5711,1,1
train4466,1,1
train4175,1,1
train77,0,4
train3923,0,3
train6299,1,1
train6866,0,3
train7802,0,3
train3726,-1,2
train6260,-1,2
train6061,0,3
train1078,0,4
train5145,1,1
train4705,0,4
train2240,0,3
train1705,1,1
train5538,-1,2
train6510,1,1
train5256,1,1
train7055,-1,2
train668,1,1
train7049,1,1
train2005,1,1
train3034,0,4
train3448,0,4
train7825,-1,2
train6441,1,1
train6242,0,3
train923,1,1
train669,0,3
train2416,0,3
train6840,1,1
train4579,0,4
train571,1,1
train2809,0,3
train7340,0,3
train7510,-1,2
train6368,0,4
train2719,1,1
train658,0,3
train1169,-1,2
train4297,0,4
train4796,0,4
train962,0,3
train4629,0,4
train2003,0,4
train3980,-1,2
train6101,-1,2
train7628,1,1
train4842,-1,2
train7265,-1,2
train1509,0,3
train48,0,4
train7614,1,1
train5566,0,4
train1783,0,4
train3608,1,1
train7649,0,4
train2088,0,3
train1345,0,3
train4634,1,1
train7241,1,1
train4148,0,3
train6148,1,1
train472,0,4
train6500,1,1
train2055,0,3
train883,1,1
train65,0,3
train7291,0,4
train7192,0,4
train7550,-1,2
train4427,1,1
train2576,0,4
train6150,0,4
train4368,-1,2
train6626,-1,2
train3196,0,3
train832,0,4
train2347,0,3
train2095,0,3
train2606,1,1
train1468,0,3
train4762,1,1
train7034,0,4
train5083,-1,2
train5080,-1,2
train778,1,1
train2501,0,3
train7394,1,1
train5132,1,1
train2296,-1,2
train1174,0,4
train6848,0,3
train4943,1,1
train1669,-1,2
train881,0,4
train4812,0,3
train4021,0,4
train4136,0,4
train5739,-1,2
train4339,-1,2
train1758,1,1
train4478,0,4
train1673,-1,2
train450,-1,2
train2864,1,1
train2070,0,4
train1015,0,4
train1539,1,1
train3163,-1,2
train2696,1,1
train1984,0,3
train185,1,1
train4581,-1,2
train2507,-1,2
train6399,-1,2
train6656,-1,2
train5373,0,4
train814,-1,2
train6520,-1,2
train3804,0,3
train4864,1,1
train5781,-1,2
train127,0,3
train1621,0,3
train4726,0,4
train5383,1,1
train6241,1,1
train5898,0,4
train7538,0,4
train6170,-1,2
train2869,0,3
train2352,0,3
train1775,0,3
train6975,-1,2
train2328,0,4
train5699,0,3
train3739,-1,2
train1046,0,4
train454,1,1
train5773,-1,2
train6842,0,3
train3145,0,4
train2913,1,1
train1272,0,4
train6822,0,4
train6807,-1,2
train1294,0,3
train4563,0,3
train3830,0,3
train3689,0,3
train1813,0,4
train6992,0,3
train7267,0,4
train4316,1,1
train2834,0,3
train2225,0,4
train7151,0,3
train797,0,3
train1645,-1,2
train2376,-1,2
train1766,0,4
train3083,1,1
train6672,0,3
train783,0,4
train1118,0,3
train1842,0,4
train4992,0,4
train476,-1,2
train4326,0,3
train4952,0,4
train5472,0,4
train4169,0,3
train1996,-1,2
train2714,-1,2
train4774,0,4
train1188,0,3
train1136,0,4
train2084,0,4
train1629,1,1
train1016,1,1
train276,0,4
train1553,1,1
train2081,0,3
train230,1,1
train274,0,4
train7608,1,1
train2656,0,3
train2572,0,4
train635,-1,2
train7393,1,1
train4396,0,4
train4644,0,3
train4271,-1,2
train4031,1,1
train826,1,1
train6528,1,1
train5643,1,1
train3704,0,4
train6096,0,3
train20,-1,2
train1171,0,4
train4532,-1,2
train1151,1,1
train4298,0,4
train302,0,4
train5301,1,1
train6536,-1,2
train6693,0,3
train7717,-1,2
train3910,0,3
train197,1,1
train4389,0,3
train6109,0,3
train6501,0,3
train996,-1,2
train1517,0,4
train509,1,1
train202,0,3
train6275,0,4
train4182,1,1
train90,0,4
train126,0,3
train6811,0,3
train6329,0,3
train3552,0,4
train5816,0,3
train4132,0,4
train3876,1,1
train4902,0,3
train4714,0,4
train6776,0,3
train2430,-1,2
train5799,-1,2
train6392,1,1
train1940,0,4
train5203,0,4
train6268,0,4
train592,-1,2
train6642,1,1
train2226,1,1
train1747,1,1
train6517,0,3
train5896,0,3
train7372,-1,2
train1218,0,3
train677,0,4
train2491,0,3
train3819,0,3
train1648,-1,2
train1915,0,3
train1498,0,3
train6430,-1,2
train7328,0,3
train4618,0,4
train160,0,4
train7081,0,4
train6472,1,1
train897,0,3
train1126,-1,2
train4327,1,1
train4566,0,3
train2724,0,4
train3821,0,4
train7193,0,3
train4088,-1,2
train4574,1,1
train4684,1,1
train439,0,4
train428,-1,2
train6332,-1,2
train4521,-1,2
train2751,-1,2
train5602,0,4
train513,1,1
train4920,0,3
train851,1,1
train2105,0,4
train4826,-1,2
train4218,-1,2
train7629,-1,2
train3713,0,4
train5962,0,4
train37,1,1
train6021,-1,2
train4303,0,4
train5561,0,4
train7348,-1,2
train606,0,4
train3600,1,1
train5793,0,3
train4733,0,3
train2141,0,4
train2067,-1,2
train6064,-1,2
train6649,-1,2
train2139,1,1
train279,-1,2
train2444,-1,2
train4540,0,4
train1522,0,4
train2541,-1,2
train2224,1,1
train322,0,4
train6946,0,4
train83,0,3
train5961,0,4
train1614,0,3
train4765,-1,2
train6858,-1,2
train2420,-1,2
train7004,0,4
train2684,0,3
train1325,0,3
train2883,0,3
train2283,-1,2
train4523,0,4
train3424,1,1
train7230,-1,2
train6837,1,1
train2208,0,4
train104,0,4
train3366,0,3
train4785,0,4
train3462,-1,2
train1852,1,1
train7444,0,4
train418,0,4
train3663,0,4
train2434,0,4
train4999,1,1
train5458,-1,2
train497,-1,2
train2625,-1,2
train4619,-1,2
train1464,0,3
train7234,0,3
train5213,-1,2
train6,0,4
train6918,1,1
train3450,-1,2
train7693,0,4
train6142,1,1
train3908,-1,2
train7496,-1,2
train1841,1,1
train7337,1,1
train3643,0,3
train6263,1,1
train4907,-1,2
train4747,-1,2
train3255,1,1
train6650,0,3
train6161,0,3
train3303,-1,2
train4070,-1,2
train2951,0,4
train7564,0,4
train7461,-1,2
train4200,-1,2
train5997,1,1
train1305,1,1
train3883,0,4
train1398,1,1
train2060,1,1
train7229,0,3
train5473,-1,2
train970,0,4
train6346,-1,2
train3322,0,3
train1408,0,4
train3839,0,4
train2503,0,3
train125,0,4
train261,-1,2
train3752,0,3
train2261,-1,2
train1903,0,3
train1491,0,4
train6680,0,4
train1472,1,1
train2461,0,3
train3628,0,3
train7114,0,4
train408,0,4
train2165,-1,2
train3445,-1,2
train7253,0,4
train5046,0,3
train1757,0,4
train6097,0,4
train2594,0,4
train1043,0,3
train3251,0,3
train4764,0,3
train6394,0,4
train816,0,3
train2664,0,3
train2907,0,4
train6973,0,3
train3820,1,1
train2776,1,1
train5921,0,3
train4084,-1,2
train1734,1,1
train1944,0,3
train3375,0,3
train6058,0,4
train6298,1,1
train7022,0,4
train581,0,4
train5774,-1,2
train2228,0,3
train3677,0,4
train2028,-1,2
train2607,-1,2
train978,1,1
train5337,1,1
train5977,0,3
train4195,0,4
train4886,0,3
train4531,0,3
train2775,0,4
train3221,-1,2
train7797,1,1
train1914,0,4
train1512,0,3
train6902,0,4
train1371,1,1
train6210,-1,2
train7258,-1,2
train6995,1,1
train3498,-1,2
train1676,-1,2
train3149,0,3
train7741,-1,2
train1287,-1,2
train969,0,3
train7300,-1,2
train6783,0,4
train1156,0,4
train5577,1,1
train5835,0,4
train5866,0,4
train6406,1,1
train2961,1,1
train4097,0,4
train7777,-1,2
train7511,0,4
train1219,0,4
train4185,0,4
train1348,0,3
train2725,0,4
train7592,0,3
train5854,0,3
train7642,-1,2
train7499,0,4
train7613,0,4
train1185,-1,2
train6495,0,4
train6345,1,1
train321,0,3
train4404,0,4
train4375,0,3
train4931,0,4
train3638,0,4
train852,0,4
train6479,0,3
train3548,0,4
train2158,0,3
train6254,1,1
train3085,0,4
train1267,0,4
train1851,-1,2
train1428,1,1
train3361,0,3
train992,-1,2
train7544,0,3
train2582,0,3
train179,0,4
train1266,1,1
train6747,-1,2
train1215,0,4
train5309,-1,2
train7272,0,4
train6648,1,1
train5671,0,4
train5168,1,1
train3539,0,4
train2807,-1,2
train940,0,3
train538,0,3
train887,0,3
train5366,0,4
train2431,1,1
train2964,1,1
train4394,-1,2
train4802,-1,2
train7301,-1,2
train3812,0,4
train3267,0,4
train7791,0,4
train1812,-1,2
train5674,0,4
train6133,1,1
train3031,0,3
train3339,0,3
train457,0,3
train2382,-1,2
train4262,0,3
train4989,0,4
train4586,-1,2
train6132,0,4
train690,1,1
train601,0,4
train3801,0,4
train7749,0,4
train5947,0,3
train6106,1,1
train7316,-1,2
train2941,-1,2
train1889,1,1
train2148,0,4
train3386,-1,2
train2748,0,3
train7259,0,4
train1725,0,4
train1231,-1,2
train7787,0,3
train6679,0,3
train4728,0,3
train7051,0,4
train2728,-1,2
train21,-1,2
train1980,1,1
train3272,1,1
train7482,0,4
train7375,1,1
train5645,0,4
train3044,1,1
train7270,-1,2
train6484,-1,2
train4880,1,1
train5733,-1,2
train6965,0,3
train2527,1,1
train5489,1,1
train5686,1,1
train3989,1,1
train3116,1,1
train6213,0,3
train3843,0,3
train4193,-1,2
train6771,0,3
train6722,0,3
train2737,-1,2
train1298,0,3
train6957,1,1
train1586,0,4
train6864,0,3
train5832,1,1
train6839,0,3
train2318,1,1
train2902,1,1
train2825,0,4
train1594,1,1
train1752,0,3
train702,0,3
train4003,-1,2
train2197,0,4
train2774,1,1
train6131,0,4
train2899,1,1
train2280,1,1
train1269,0,3
train6303,1,1
train5712,0,3
train4307,0,4
train2157,0,4
train7771,-1,2
train4655,0,4
train298,0,3
train3993,0,3
train3805,0,3
train1014,0,3
train5791,0,3
train3941,0,3
train2517,1,1
train1167,-1,2
train3567,1,1
train6982,0,4
train137,1,1
train1519,0,3
train4965,0,4
train537,0,3
train3481,0,3
train1792,-1,2
train2796,0,4
train5391,1,1
train1601,0,3
train2621,0,3
train4680,0,3
train7540,-1,2
train3376,0,4
train7388,1,1
train385,0,4
train3996,0,4
train7142,0,3
train2037,0,3
train1592,0,3
train2876,0,3
train4472,-1,2
train1409,0,3
train6641,-1,2
train41,1,1
train1954,0,3
train1627,1,1
train4209,1,1
train7035,0,3
train3630,0,4
train5685,-1,2
train7002,1,1
train4559,1,1
train1248,0,4
train1047,0,3
train1876,0,4
train30,0,4
train2586,-1,2
train2114,1,1
train5512,0,3
train7059,0,4
train3374,0,4
train7541,-1,2
train6464,0,3
train7462,1,1
train232,0,4
train201,0,4
train5030,1,1
train5743,1,1
train1951,0,3
train3528,0,4
train6813,-1,2
train1339,0,3
train287,0,3
train1882,-1,2
train886,1,1
train3978,0,3
train623,-1,2
train997,0,4
train2133,-1,2
train7182,1,1
train6152,1,1
train3680,-1,2
train4173,-1,2
train4168,0,4
train1256,-1,2
train1425,0,4
train424,0,4
train5964,0,4
train6049,0,3
train1315,0,4
train5874,-1,2
train5415,0,3
train7148,1,1
train5202,-1,2
train1102,-1,2
train4831,0,3
train144,-1,2
train1691,0,4
train5064,1,1
train4921,0,3
train195,1,1
train1166,1,1
train4688,-1,2
train3676,1,1
train598,0,4
train5436,0,4
train1165,0,4
train6037,1,1
train2450,0,4
train5839,0,3
train6073,0,3
train3705,0,3
train1733,-1,2
train3412,0,3
train1163,0,4
train6451,-1,2
train2639,0,3
train742,0,3
train6240,-1,2
train3756,-1,2
train4315,0,3
train2752,0,4
train6166,1,1
train2529,0,4
train2471,-1,2
train2800,-1,2
train3371,0,4
train4405,0,3
train3703,0,4
train976,0,4
train4049,1,1
train1096,-1,2
train2787,1,1
train3018,0,4
train2850,-1,2
train6226,0,4
train7735,0,3
train1764,0,3
train1443,0,3
train7423,1,1
train7367,0,3
train5004,0,4
train1567,0,4
train2992,1,1
train7058,-1,2
train5375,-1,2
train1937,-1,2
train552,-1,2
train3995,0,3
train4322,-1,2
train1330,-1,2
train5578,0,4
train3490,0,4
train7183,1,1
train3544,0,4
train879,0,4
train2511,0,3
train6802,0,3
train7574,-1,2
train5148,1,1
train6158,1,1
train2481,0,4
train4703,1,1
train372,0,3
train426,1,1
train5975,-1,2
train4066,1,1
train5372,-1,2
train1864,1,1
train2844,1,1
train7040,0,3
train1337,1,1
train5216,1,1
train182,-1,2
train809,1,1
train289,0,4
train4658,0,4
train2981,0,3
train3817,1,1
train355,-1,2
train3665,-1,2
train740,1,1
train105,0,4
train4763,1,1
train2385,1,1
train1000,0,4
train6082,0,4
train1817,0,4
train2093,0,3
train864,1,1
train99,0,4
train4363,1,1
train5427,-1,2
train4479,0,3
train3069,0,3
train384,0,3
train6773,1,1
train353,1,1
train1687,0,4
train7237,-1,2
train5897,1,1
train5074,1,1
train4407,0,4
train3943,0,3
train6378,0,4
train954,-1,2
train1643,0,4
train675,0,4
train6360,1,1
train5895,1,1
train3495,0,4
train2707,0,4
train3134,-1,2
train2711,0,4
train7014,1,1
train2321,0,3
train257,0,3
train1780,1,1
train3911,0,4
train7725,0,4
train6737,1,1
train5166,0,3
train4591,1,1
train2770,0,3
train3588,0,3
train7317,0,3
train154,0,3
train2117,0,3
train3664,0,3
train6112,1,1
train1068,0,4
train6270,1,1
train198,-1,2
train2118,1,1
train5814,0,4
train4687,0,4
train3764,0,3
train2874,0,4
train3157,0,4
train2457,-1,2
train470,1,1
train4664,1,1
train217,0,4
train1956,0,3
train3736,0,4
train3038,0,4
train7186,0,4
train1930,0,3
train6180,0,4
train151,0,4
train5852,0,3
train5603,-1,2
train7024,1,1
train6789,-1,2
train7037,0,3
train1417,-1,2
train4738,1,1
train7129,-1,2
train2082,1,1
train17,-1,2
train4942,0,4
train4034,0,4
train6769,0,3
train1748,1,1
train5994,-1,2
train2494,0,3
train3848,0,3
train2838,0,4
train6375,0,4
train4144,-1,2
train7627,0,4
train2166,1,1
train442,1,1
train5485,-1,2
train6663,0,3
train4010,1,1
train2898,0,3
train4202,1,1
train4970,-1,2
train1445,0,3
train3952,0,3
train3205,1,1
train6349,0,3
train5811,0,4
train4006,0,3
train5815,-1,2
train1200,0,3
train6898,0,4
train2361,-1,2
train1545,0,3
train1615,-1,2
train2150,0,4
train1934,-1,2
train3530,0,3
train3860,0,3
train966,0,3
train5252,0,3
train7313,1,1
train168,1,1
train2613,0,4
train5189,1,1
train6617,1,1
train5836,1,1
train2014,1,1
train2525,-1,2
train7590,0,3
train2412,1,1
train1054,-1,2
train2892,0,3
train4612,1,1
train6608,1,1
train5875,0,4
train7075,1,1
train4163,0,3
train1560,0,3
train5177,0,3
train4839,0,4
train2713,0,4
train676,0,4
train663,0,4
train1439,0,3
train3742,1,1
train6427,0,3
train6205,0,4
train2451,0,4
train1027,-1,2
train6935,-1,2
train2183,0,3
train3919,0,4
train147,-1,2
train2053,0,3
train6610,-1,2
train4911,1,1
train6395,0,3
train2665,0,3
train2036,1,1
train1270,1,1
train991,0,3
train1886,0,4
train5757,-1,2
train6673,-1,2
train5220,-1,2
train2045,0,3
train4490,0,4
train2098,0,3
train3958,-1,2
train3333,0,3
train262,-1,2
train3714,1,1
train615,0,4
train7003,0,3
train4440,-1,2
train2618,-1,2
train5023,1,1
train5200,-1,2
train6609,1,1
train7232,-1,2
train5979,1,1
train5735,0,3
train4584,0,4
train2542,0,4
train1317,1,1
train7583,1,1
train720,1,1
train4689,1,1
train520,0,3
train6823,0,3
train1347,1,1
train7320,0,3
train2933,-1,2
train1406,0,4
train347,0,4
train4441,1,1
train3735,-1,2
train4030,0,4
train7639,0,3
train142,-1,2
train990,-1,2
train4004,-1,2
train1011,0,3
train650,0,3
train443,0,3
train6924,0,3
train6738,0,3
train1730,1,1
train894,0,3
train1874,0,4
train3127,0,3
train2427,0,4
train1822,1,1
train7522,0,3
train1712,0,4
train2443,1,1
train1502,-1,2
train2816,0,3
train3164,-1,2
train6850,0,3
train7733,0,3
train7524,1,1
train2710,0,3
train5437,0,3
train5612,0,3
train1920,0,4
train5115,1,1
train4043,0,3
train7066,0,4
train6913,1,1
train3250,0,3
train5543,-1,2
train7822,0,3
train5399,0,3
train4885,1,1
train5873,1,1
train339,0,3
train252,-1,2
train3471,-1,2
train2418,-1,2
train1959,1,1
train7321,0,4
train4676,-1,2
train5089,0,4
train5042,0,3
train6775,0,3
train5118,0,3
train5362,0,3
train1732,0,4
train6949,0,4
train3832,-1,2
train858,0,4
train741,0,4
train1155,0,4
train525,0,3
train333,0,4
train2815,0,4
train3489,0,3
train2200,0,3
train448,1,1
train5417,0,3
train7491,1,1
train4940,0,4
train6089,1,1
train3268,0,4
train1559,1,1
train2785,1,1
train2589,0,3
train2946,1,1
train6709,-1,2
train4822,1,1
train5008,0,3
train1827,0,4
train4039,0,3
train683,-1,2
train2980,0,3
train3181,0,4
train3130,1,1
train5496,1,1
train553,0,3
train608,-1,2
train6317,1,1
train597,0,4
train4448,0,4
train5140,0,3
train79,0,3
train1583,0,3
train640,0,3
train5627,0,4
train5625,0,4
train6459,0,3
train3064,0,4
train7412,1,1
train5411,1,1
train5329,-1,2
train7714,0,4
train4391,-1,2
train6595,0,4
train6175,0,4
train1936,1,1
train6339,1,1
train7172,1,1
train2178,1,1
train3749,1,1
train1788,1,1
train7554,0,3
train6891,1,1
train6703,0,3
train1695,1,1
train1563,-1,2
train4152,1,1
train3772,0,3
train6718,-1,2
train5317,0,3
train1607,0,4
train6914,1,1
train5984,0,3
train7262,0,4
train7325,0,3
train1391,0,3
train6363,1,1
train4358,1,1
train135,0,4
train4783,0,4
train3383,0,4
train7102,0,3
train1329,0,3
train1836,-1,2
train6523,1,1
train4382,0,3
train4715,1,1
train7168,0,4
train5198,0,4
train2168,0,4
train4966,0,3
train3969,1,1
train4210,0,4
train6751,1,1
train4376,1,1
train4306,0,4
train6910,-1,2
train6074,1,1
train7251,0,3
train1961,-1,2
train2162,-1,2
train530,0,4
train5052,-1,2
train50,1,1
train2010,-1,2
train2322,0,3
train3247,0,4
train3783,1,1
train2536,1,1
train4524,-1,2
train1172,0,3
train1463,0,4
train3973,0,3
train2126,-1,2
train5440,1,1
train1375,-1,2
train934,0,3
train3560,-1,2
train2848,-1,2
train2252,0,4
train3473,-1,2
train2398,1,1
train7039,1,1
train4249,1,1
train3912,0,3
train6658,1,1
train5988,1,1
train865,0,3
train6682,0,3
train5517,0,3
train6882,0,4
train6306,1,1
train5758,0,3
train6788,0,3
train691,0,3
train6820,1,1
train2987,-1,2
train2942,0,3
train7739,0,4
train7332,0,3
train1350,1,1
train5219,0,3
train1542,0,3
train5097,1,1
train6422,1,1
train3420,0,4
train5281,0,4
train4932,-1,2
train7165,1,1
train1063,-1,2
train2996,0,3
train6708,0,4
train2278,1,1
train6322,0,4
train2859,0,3
train2124,0,4
train5755,-1,2
train2078,0,3
train1094,-1,2
train7179,0,3
train2885,-1,2
train2646,1,1
train7356,1,1
train1394,0,4
train7778,0,3
train1973,-1,2
train1963,0,3
train7072,0,4
train4171,-1,2
train5504,0,4
train3120,0,4
train4576,0,3
train3572,0,4
train5983,0,4
train882,1,1
train1641,1,1
train4165,0,3
train1412,-1,2
train7769,0,3
train6179,-1,2
train7036,-1,2
train4015,0,3
train4776,0,3
train933,1,1
train6917,0,4
train1735,1,1
train6498,0,3
train6159,0,4
train7477,0,3
train390,0,4
train3636,0,3
train1482,0,3
train5908,0,3
train5500,0,4
train7505,-1,2
train5943,1,1
train3603,1,1
train2271,0,4
train51,0,3
train5606,0,3
train2238,1,1
train2396,0,4
train7101,-1,2
train2359,-1,2
train7341,-1,2
train1225,0,3
train158,1,1
train2873,-1,2
train6000,0,3
train1381,0,4
train5296,0,4
train4811,0,3
train4399,1,1
train2256,0,4
train1474,-1,2
train4570,0,3
train5910,1,1
train1987,1,1
train2880,0,4
train7553,-1,2
train2652,0,4
train1547,1,1
train6225,0,3
train6582,0,3
train7355,0,4
train817,0,4
train3710,0,4
train3561,0,3
train7266,-1,2
train7688,0,4
train5526,-1,2
train3126,0,3
train5349,-1,2
train2215,1,1
train2905,-1,2
train1785,-1,2
train7374,1,1
train4220,-1,2
train6817,-1,2
train1568,-1,2
train1473,0,3
train6809,-1,2
train2199,1,1
train2442,0,3
train6724,1,1
train3955,0,4
train6206,0,4
train5240,0,4
train7224,1,1
train1642,-1,2
train7427,1,1
train4879,0,4
train7137,-1,2
train2281,0,3
train5265,0,4
train1554,1,1
train2021,1,1
train1746,1,1
train199,-1,2
train3964,-1,2
train5078,-1,2
train6420,-1,2
train6492,0,4
train548,0,4
train5923,-1,2
train239,-1,2
train2897,-1,2
train2894,1,1
train884,1,1
train3649,1,1
train1041,0,3
train422,1,1
train4963,-1,2
train138,1,1
train4666,-1,2
train3750,0,3
train399,0,3
train6449,0,4
train6018,0,3
train7697,-1,2
train7657,-1,2
train1878,0,4
train6987,0,3
train3187,1,1
train6877,0,3
train4437,0,4
train2781,0,3
train376,0,3
train6928,0,4
train6207,0,4
train1548,1,1
train1931,-1,2
train43,0,3
train3172,0,3
train1611,0,3
train4830,0,3
train798,-1,2
train5122,-1,2
train2435,1,1
train7231,0,4
train510,0,4
train2799,1,1
train4040,0,3
train7073,-1,2
train769,1,1
train430,-1,2
train2579,-1,2
train1529,-1,2
train772,0,4
train2366,0,3
train5395,1,1
train3344,-1,2
train6954,1,1
train1497,0,4
train2390,0,3
train5763,0,4
train7753,0,3
train7043,1,1
train6194,0,3
train4058,-1,2
train3809,0,3
train7050,0,3
train3108,0,4
train3640,1,1
train1926,0,4
train6396,0,4
train106,0,3
train1363,1,1
train1444,0,4
train35,1,1
train562,1,1
train4214,0,4
train5073,-1,2
train4103,-1,2
train7070,1,1
train3791,-1,2
train2218,1,1
train4334,-1,2
train7271,0,4
train447,1,1
train3002,1,1
train2509,-1,2
train1191,1,1
train4626,0,3
train1591,0,4
train4261,0,3
train213,1,1
train2092,-1,2
train2083,0,3
train5072,-1,2
train980,0,3
train1971,0,3
train5322,0,3
train1257,-1,2
train3851,1,1
train1396,0,3
train3554,-1,2
train1050,0,3
train5268,1,1
train1080,0,3
train4096,-1,2
train4166,0,4
train395,1,1
train5319,0,3
train2236,1,1
train7468,1,1
train3796,0,3
train492,0,3
train790,0,4
train569,1,1
train1021,1,1
train392,0,4
train5549,-1,2
train1106,1,1
train766,-1,2
train2806,1,1
train3810,0,4
train6542,-1,2
train4118,-1,2
train1880,0,3
train2623,1,1
train6023,1,1
train7284,0,3
train3857,0,4
train4668,0,3
train3778,1,1
train1507,1,1
train1892,1,1
train1101,1,1
train5919,1,1
train1310,0,3
train4784,0,4
train1505,0,3
train6554,1,1
train514,0,3
train7096,1,1
train1786,0,3
train7279,0,3
train3396,0,4
train4161,0,4
train3635,1,1
train3309,0,4
train6748,1,1
train7404,1,1
train3434,1,1
train2938,0,4
train5245,0,3
train2202,1,1
train3613,1,1
train968,1,1
train5550,-1,2
train2326,-1,2
train3253,-1,2
train7437,0,3
train5091,0,3
train3920,0,3
train2383,0,3
train7157,0,3
train1430,0,4
train5050,0,3
train2662,0,3
train7796,0,3
train2173,0,3
train839,0,4
train5288,0,3
train4247,1,1
train7311,0,3
train3023,-1,2
train3469,-1,2
train69,1,1
train483,0,4
train875,1,1
train7573,0,3
train612,1,1
train6272,0,3
train4361,0,4
train3191,0,4
train3887,0,4
train6204,-1,2
train5775,1,1
train6790,-1,2
train5930,-1,2
train5719,1,1
train3238,-1,2
train6118,0,4
train7021,0,4
train7156,0,4
train6978,-1,2
train6200,-1,2
train2660,0,3
train1116,0,3
train4959,0,4
train6572,-1,2
train6032,0,3
train6977,-1,2
train3741,-1,2
train5206,1,1
train5077,1,1
train4646,1,1
train944,-1,2
train6726,0,3
train2548,-1,2
train5859,0,4
train1779,1,1
train5654,0,3
train3949,0,3
train1604,0,4
train7146,0,4
train2567,-1,2
train5045,-1,2
train4194,1,1
train6714,1,1
train6619,0,3
train6434,0,4
train7153,1,1
train7127,0,3
train5081,0,4
train1626,1,1
train4968,-1,2
train5663,-1,2
train993,1,1
train5608,0,3
train374,-1,2
train4029,0,4
train2267,0,3
train1241,0,3
train4900,0,3
train7383,0,3
train3657,1,1
train2339,-1,2
train5286,1,1
train830,1,1
train7831,0,4
train2243,0,4
train4827,0,4
train6288,1,1
train253,0,3
train5112,1,1
train2640,1,1
train7751,1,1
train4951,1,1
train3007,0,3
train1437,0,3
train5410,0,3
train928,1,1
train5098,0,3
train3047,0,4
train1128,-1,2
train7329,-1,2
train6683,0,3
train4595,0,4
